first_name,last_name,gender,email_address,phone_number
Paxon,Antunez,M,pantunez,554-169-3500
Ignatius,Faustian,M,ifaustian1@auda.org.au,513-933-1835
Pat,Battleson,M,pbattleson2@accuweather.com,842-619-8721
Delcina,Yarnton,F,dyarnton3@t.co,354-510-1424
Janina,Itzkovici,F,jitzkovici4@networkadvertising.org,996
Jeanie,Matresse,F,jmatresse5@instagram.com,654-999-6487
Josephina,Cuzen,F,jcuzen6@wordpress.org,470-276-5261
Dieter,McKechnie,M,dmckechnie7@canalblog.com,654-443-5008
Boyd,Harrowell,M,bharrowell8,296-396-3797
Marchelle,Menichi,F,mmenichi9@github.io,694-243-5389
Merell,Wooles,M,mwoolesa@harvard.edu,936-274-9801
Suzann,Redman,F,sredmanb@prlog.org,336-407-1238
Kerry,Polin,F,kpolinc@dot.gov,8
Corny,Teaz,M,cteazd@addthis.com,785-545-2661
Nahum,Beech,M,nbeeche@spotify.com,870-259-8896
Foster,Gibbe,M,fgibbef@reuters.com,180-518-1020
Bria,Grima,F,bgrimag@altervista.org,692-475-2716
Ynez,Duell,F,yduellh@drupal.org,978-652-7567